Chicago Illinois Houston texas
Chicago Illinois Philadelphia pennsylvania
Chicago Illinois Phoenix arizona
Chicago Illinois Dallas texas
Chicago Illinois Jacksonville florida
Chicago Illinois Indianapolis indiana
Chicago Illinois Austin texas
Chicago Illinois Detroit michigan
Chicago Illinois Memphis tennessee
Chicago Illinois Boston massachusetts
Chicago Illinois Seattle oregon
Chicago Illinois Denver colorado
Chicago Illinois Baltimore maryland
Chicago Illinois Nashville tennessee
Chicago Illinois Louisville kentucky
Chicago Illinois Milwaukee wisconsin
Chicago Illinois Portland oregon
Chicago Illinois Tucson arizona
Chicago Illinois Fresno california
Chicago Illinois Sacramento california
Chicago Illinois Mesa arizona
Chicago Illinois Atlanta georgia
Chicago Illinois Omaha nebraska
Chicago Illinois Miami florida
Chicago Illinois Tulsa oklahoma
Chicago Illinois Oakland california
Chicago Illinois Cleveland ohio
Chicago Illinois Minneapolis minnesota
Chicago Illinois Wichita kansas
Chicago Illinois Arlington virginia
Chicago Illinois Bakersfield kern::county
Chicago Illinois Tampa florida
Chicago Illinois Anaheim california
Chicago Illinois Honolulu hawaii
Chicago Illinois Pittsburgh pennsylvania
Chicago Illinois Lexington kentucky
Chicago Illinois Stockton solano::county
Chicago Illinois Cincinnati ohio
Chicago Illinois Anchorage alaska
Houston Texas Philadelphia pennsylvania
Houston Texas Phoenix arizona
Houston Texas Jacksonville florida
Houston Texas Indianapolis indiana
Houston Texas Detroit michigan
Houston Texas Memphis tennessee
Houston Texas Boston massachusetts
Houston Texas Seattle oregon
Houston Texas Denver colorado
Houston Texas Baltimore maryland
Houston Texas Nashville tennessee
Houston Texas Louisville kentucky
Houston Texas Milwaukee wisconsin
Houston Texas Portland oregon
Houston Texas Tucson arizona
Houston Texas Fresno california
Houston Texas Sacramento california
Houston Texas Mesa arizona
Houston Texas Atlanta georgia
Houston Texas Omaha nebraska
Houston Texas Miami florida
Houston Texas Tulsa oklahoma
Houston Texas Oakland california
Houston Texas Cleveland ohio
Houston Texas Minneapolis minnesota
Houston Texas Wichita kansas
Houston Texas Bakersfield california
Houston Texas Tampa florida
Houston Texas Anaheim california
Houston Texas Honolulu hawaii
Houston Texas Pittsburgh pennsylvania
Houston Texas Lexington kentucky
Houston Texas Stockton sonora
Houston Texas Cincinnati ohio
Houston Texas Anchorage alaska
Houston Texas Toledo ohio
Philadelphia Pennsylvania Phoenix arizona
Philadelphia Pennsylvania Dallas texas
Philadelphia Pennsylvania Jacksonville florida
Philadelphia Pennsylvania Indianapolis indiana
Philadelphia Pennsylvania Austin texas
Philadelphia Pennsylvania Detroit michigan
Philadelphia Pennsylvania Memphis tennessee
Philadelphia Pennsylvania Boston massachusetts
Philadelphia Pennsylvania Seattle oregon
Philadelphia Pennsylvania Denver colorado
Philadelphia Pennsylvania Baltimore maryland
Philadelphia Pennsylvania Nashville tennessee
Philadelphia Pennsylvania Louisville kentucky
Philadelphia Pennsylvania Milwaukee wisconsin
Philadelphia Pennsylvania Portland oregon
Philadelphia Pennsylvania Tucson arizona
Philadelphia Pennsylvania Fresno tulare::county
Philadelphia Pennsylvania Sacramento california
Philadelphia Pennsylvania Mesa socorro::county
Philadelphia Pennsylvania Atlanta georgia
Philadelphia Pennsylvania Omaha nebraska
Philadelphia Pennsylvania Miami florida
Philadelphia Pennsylvania Tulsa oklahoma
Philadelphia Pennsylvania Oakland california
Philadelphia Pennsylvania Cleveland ohio
Philadelphia Pennsylvania Minneapolis minnesota
Philadelphia Pennsylvania Wichita kansas
Philadelphia Pennsylvania Arlington virginia
Philadelphia Pennsylvania Bakersfield kern::county
Philadelphia Pennsylvania Tampa florida
Philadelphia Pennsylvania Anaheim california
Philadelphia Pennsylvania Honolulu hawaii
Philadelphia Pennsylvania Lexington kentucky
Philadelphia Pennsylvania Stockton san::joaquin::county
Philadelphia Pennsylvania Cincinnati ohio
Philadelphia Pennsylvania Anchorage alaska
Philadelphia Pennsylvania Toledo ohio
Philadelphia Pennsylvania Plano falls::county
Phoenix Arizona Dallas texas
Phoenix Arizona Jacksonville florida
Phoenix Arizona Indianapolis indiana
Phoenix Arizona Austin texas
Phoenix Arizona Detroit michigan
Phoenix Arizona Memphis tennessee
Phoenix Arizona Boston massachusetts
Phoenix Arizona Seattle oregon
Phoenix Arizona Denver colorado
Phoenix Arizona Baltimore maryland
Phoenix Arizona Nashville tennessee
Phoenix Arizona Louisville kentucky
Phoenix Arizona Milwaukee wisconsin
Phoenix Arizona Portland oregon
Phoenix Arizona Fresno california
Phoenix Arizona Sacramento california
Phoenix Arizona Atlanta georgia
Phoenix Arizona Omaha nebraska
Phoenix Arizona Miami florida
Phoenix Arizona Tulsa oklahoma
Phoenix Arizona Oakland california
Phoenix Arizona Cleveland ohio
Phoenix Arizona Minneapolis minnesota
Phoenix Arizona Wichita oklahoma
Phoenix Arizona Arlington virginia
Phoenix Arizona Bakersfield california
Phoenix Arizona Tampa florida
Phoenix Arizona Anaheim california
Phoenix Arizona Honolulu hawaii
Phoenix Arizona Pittsburgh west::virginia
Phoenix Arizona Lexington kentucky
Phoenix Arizona Stockton california
Phoenix Arizona Cincinnati ohio
Phoenix Arizona Anchorage alaska
Phoenix Arizona Toledo ohio
Phoenix Arizona Plano texas
Phoenix Arizona Henderson wilson
Dallas Texas Jacksonville florida
Dallas Texas Indianapolis indiana
Dallas Texas Detroit michigan
Dallas Texas Memphis tennessee
Dallas Texas Boston massachusetts
Dallas Texas Seattle oregon
Dallas Texas Denver colorado
Dallas Texas Baltimore maryland
Dallas Texas Nashville tennessee
Dallas Texas Louisville kentucky
Dallas Texas Milwaukee wisconsin
Dallas Texas Portland oregon
Dallas Texas Tucson arizona
Dallas Texas Fresno california
Dallas Texas Sacramento california
Dallas Texas Mesa arizona
Dallas Texas Atlanta georgia
Dallas Texas Omaha nebraska
Dallas Texas Miami florida
Dallas Texas Tulsa oklahoma
Dallas Texas Oakland california
Dallas Texas Cleveland ohio
Dallas Texas Minneapolis minnesota
Dallas Texas Wichita kansas
Dallas Texas Bakersfield california
Dallas Texas Tampa florida
Dallas Texas Anaheim california
Dallas Texas Honolulu hawaii
Dallas Texas Pittsburgh pennsylvania
Dallas Texas Lexington kentucky
Dallas Texas Stockton california
Dallas Texas Cincinnati ohio
Dallas Texas Anchorage alaska
Dallas Texas Toledo ohio
Dallas Texas Henderson patterson
Dallas Texas Orlando florida
Jacksonville Florida Indianapolis indiana
Jacksonville Florida Austin texas
Jacksonville Florida Detroit michigan
Jacksonville Florida Memphis tennessee
Jacksonville Florida Boston massachusetts
Jacksonville Florida Seattle washington
Jacksonville Florida Denver colorado
Jacksonville Florida Baltimore maryland
Jacksonville Florida Nashville tennessee
Jacksonville Florida Louisville kentucky
Jacksonville Florida Milwaukee wisconsin
Jacksonville Florida Portland oregon
Jacksonville Florida Tucson arizona
Jacksonville Florida Fresno california
Jacksonville Florida Sacramento california
Jacksonville Florida Mesa arizona
Jacksonville Florida Atlanta georgia
Jacksonville Florida Omaha nebraska
Jacksonville Florida Tulsa oklahoma
Jacksonville Florida Oakland california
Jacksonville Florida Cleveland ohio
Jacksonville Florida Minneapolis minnesota
Jacksonville Florida Wichita kansas
Jacksonville Florida Arlington virginia
Jacksonville Florida Bakersfield california
Jacksonville Florida Anaheim california
Jacksonville Florida Honolulu hawaii
Jacksonville Florida Pittsburgh pennsylvania
Jacksonville Florida Lexington kentucky
Jacksonville Florida Stockton california
Jacksonville Florida Cincinnati ohio
Jacksonville Florida Anchorage alaska
Jacksonville Florida Toledo palencia
Jacksonville Florida Plano texas
Jacksonville Florida Henderson anderson
Jacksonville Florida Laredo tamaulipas
Indianapolis Indiana Austin texas
Indianapolis Indiana Detroit michigan
Indianapolis Indiana Memphis tennessee
Indianapolis Indiana Boston massachusetts
Indianapolis Indiana Seattle washington::state
Indianapolis Indiana Denver colorado
Indianapolis Indiana Baltimore maryland
Indianapolis Indiana Nashville tennessee
Indianapolis Indiana Louisville kentucky
Indianapolis Indiana Milwaukee wisconsin
Indianapolis Indiana Portland oregon
Indianapolis Indiana Tucson arizona
Indianapolis Indiana Fresno california
Indianapolis Indiana Sacramento california
Indianapolis Indiana Mesa socorro::county
Indianapolis Indiana Atlanta georgia
Indianapolis Indiana Omaha nebraska
Indianapolis Indiana Miami florida
Indianapolis Indiana Tulsa oklahoma
Indianapolis Indiana Oakland california
Indianapolis Indiana Cleveland ohio
Indianapolis Indiana Minneapolis minnesota
Indianapolis Indiana Wichita kansas
Indianapolis Indiana Arlington virginia
Indianapolis Indiana Bakersfield kern::county
Indianapolis Indiana Tampa florida
Indianapolis Indiana Anaheim california
Indianapolis Indiana Honolulu hawaii
Indianapolis Indiana Pittsburgh pennsylvania
Indianapolis Indiana Lexington kentucky
Indianapolis Indiana Stockton solano::county
Indianapolis Indiana Cincinnati ohio
Indianapolis Indiana Anchorage alaska
Indianapolis Indiana Toledo ohio
Indianapolis Indiana Plano collin::county
Indianapolis Indiana Henderson anderson
Indianapolis Indiana Orlando florida
Indianapolis Indiana Laredo texas
Indianapolis Indiana Chandler parker
Austin Texas Detroit michigan
Austin Texas Memphis tennessee
Austin Texas Boston massachusetts
Austin Texas Seattle oregon
Austin Texas Denver colorado
Austin Texas Baltimore maryland
Austin Texas Nashville tennessee
Austin Texas Louisville kentucky
Austin Texas Milwaukee wisconsin
Austin Texas Portland oregon
Austin Texas Tucson arizona
Austin Texas Fresno california
Austin Texas Sacramento california
Austin Texas Mesa arizona
Austin Texas Atlanta georgia
Austin Texas Omaha nebraska
Austin Texas Miami florida
Austin Texas Tulsa oklahoma
Austin Texas Oakland california
Austin Texas Cleveland ohio
Austin Texas Minneapolis minnesota
Austin Texas Wichita kansas
Austin Texas Bakersfield kern::county
Austin Texas Tampa florida
Austin Texas Anaheim california
Austin Texas Honolulu hawaii
Austin Texas Pittsburgh pennsylvania
Austin Texas Lexington kentucky
Austin Texas Stockton california
Austin Texas Cincinnati ohio
Austin Texas Anchorage alaska
Austin Texas Toledo ohio
Austin Texas Henderson kentucky
Austin Texas Orlando florida
Austin Texas Chandler arizona
Austin Texas Madison wisconsin
Detroit Michigan Memphis tennessee
Detroit Michigan Boston massachusetts
Detroit Michigan Seattle oregon
Detroit Michigan Denver colorado
Detroit Michigan Baltimore maryland
Detroit Michigan Nashville tennessee
Detroit Michigan Louisville kentucky
Detroit Michigan Milwaukee wisconsin
Detroit Michigan Portland oregon
Detroit Michigan Tucson arizona
Detroit Michigan Fresno california
Detroit Michigan Sacramento california
Detroit Michigan Mesa arizona
Detroit Michigan Atlanta georgia
Detroit Michigan Omaha nebraska
Detroit Michigan Miami florida
Detroit Michigan Tulsa oklahoma
Detroit Michigan Oakland california
Detroit Michigan Cleveland ohio
Detroit Michigan Minneapolis minnesota
Detroit Michigan Wichita kansas
Detroit Michigan Arlington virginia
Detroit Michigan Bakersfield kern::county
Detroit Michigan Tampa florida
Detroit Michigan Anaheim california
Detroit Michigan Honolulu hawaii
Detroit Michigan Pittsburgh pennsylvania
Detroit Michigan Lexington kentucky
Detroit Michigan Stockton shasta::county
Detroit Michigan Cincinnati ohio
Detroit Michigan Anchorage alaska
Detroit Michigan Toledo ohio
Detroit Michigan Plano texas
Detroit Michigan Henderson barnett
Detroit Michigan Orlando florida
Detroit Michigan Laredo texas
Detroit Michigan Chandler arizona
Detroit Michigan Madison wisconsin
Detroit Michigan Lubbock texas
Memphis Tennessee Boston massachusetts
Memphis Tennessee Seattle oregon
Memphis Tennessee Denver colorado
Memphis Tennessee Baltimore maryland
Memphis Tennessee Louisville kentucky
Memphis Tennessee Milwaukee wisconsin
Memphis Tennessee Portland oregon
Memphis Tennessee Tucson arizona
Memphis Tennessee Fresno california
Memphis Tennessee Sacramento california
Memphis Tennessee Mesa new::mexico
Memphis Tennessee Atlanta georgia
Memphis Tennessee Omaha nebraska
Memphis Tennessee Miami florida
Memphis Tennessee Tulsa oklahoma
Memphis Tennessee Oakland california
Memphis Tennessee Cleveland ohio
Memphis Tennessee Minneapolis minnesota
Memphis Tennessee Wichita kansas
Memphis Tennessee Arlington virginia
Memphis Tennessee Bakersfield california
Memphis Tennessee Tampa florida
Memphis Tennessee Anaheim california
Memphis Tennessee Honolulu hawaii
Memphis Tennessee Pittsburgh pennsylvania
Memphis Tennessee Lexington kentucky
Memphis Tennessee Stockton california
Memphis Tennessee Cincinnati ohio
Memphis Tennessee Anchorage alaska
Memphis Tennessee Toledo ohio
Memphis Tennessee Plano red::river::county
Memphis Tennessee Henderson patterson
Memphis Tennessee Orlando florida
Memphis Tennessee Laredo texas
Memphis Tennessee Chandler patterson
Memphis Tennessee Madison wisconsin
Memphis Tennessee Lubbock texas
Memphis Tennessee Garland hickman
Boston Massachusetts Seattle oregon
Boston Massachusetts Denver colorado
Boston Massachusetts Baltimore maryland
Boston Massachusetts Nashville tennessee
Boston Massachusetts Louisville kentucky
Boston Massachusetts Milwaukee wisconsin
Boston Massachusetts Portland oregon
Boston Massachusetts Tucson arizona
Boston Massachusetts Fresno california
Boston Massachusetts Sacramento california
Boston Massachusetts Mesa arizona
Boston Massachusetts Atlanta georgia
Boston Massachusetts Omaha nebraska
Boston Massachusetts Miami florida
Boston Massachusetts Tulsa oklahoma
Boston Massachusetts Oakland california
Boston Massachusetts Cleveland ohio
Boston Massachusetts Minneapolis minnesota
Boston Massachusetts Wichita kansas
Boston Massachusetts Arlington virginia
Boston Massachusetts Bakersfield kern::county
Boston Massachusetts Tampa florida
Boston Massachusetts Anaheim california
Boston Massachusetts Honolulu hawaii
Boston Massachusetts Pittsburgh pennsylvania
Boston Massachusetts Lexington kentucky
Boston Massachusetts Stockton susanville
Boston Massachusetts Cincinnati ohio
Boston Massachusetts Anchorage alaska
Boston Massachusetts Toledo ohio
Boston Massachusetts Plano collin::county
Boston Massachusetts Henderson wilson
Boston Massachusetts Orlando florida
Boston Massachusetts Laredo south::texas
Boston Massachusetts Chandler arizona
Boston Massachusetts Madison wisconsin
Boston Massachusetts Lubbock wichita::falls
Boston Massachusetts Garland perry
Boston Massachusetts Glendale la::ca単ada::flintridge
Seattle Washington Denver colorado
Seattle Washington Baltimore maryland
Seattle Washington Nashville tennessee
Seattle Washington Louisville kentucky
Seattle Washington Milwaukee wisconsin
Seattle Washington Portland oregon
Seattle Washington Tucson arizona
Seattle Washington Fresno sacramento
Seattle Washington Sacramento california
Seattle Washington Mesa arizona
Seattle Washington Atlanta savannah
Seattle Washington Omaha nebraska
Seattle Washington Miami florida
Seattle Washington Tulsa oklahoma
Seattle Washington Oakland d.c.
Seattle Washington Cleveland ohio
Seattle Washington Minneapolis minnesota
Seattle Washington Wichita kansas
Seattle Washington Arlington d.c.
Seattle Washington Bakersfield fresno
Seattle Washington Tampa florida
Seattle Washington Anaheim angel::stadium
Seattle Washington Honolulu hawaii
Seattle Washington Pittsburgh harrisburg
Seattle Washington Lexington kentucky
Seattle Washington Stockton wilmington
Seattle Washington Cincinnati ohio
Seattle Washington Anchorage alaska
Seattle Washington Toledo ohio
Seattle Washington Plano milam::county
Seattle Washington Henderson wilson
Seattle Washington Orlando florida
Seattle Washington Laredo texas
Seattle Washington Chandler greene
Seattle Washington Madison monroe
Seattle Washington Lubbock texas
Seattle Washington Garland perry
Seattle Washington Glendale woodland::hills
Seattle Washington Hialeah miami-dade::county
Denver Colorado Baltimore maryland
Denver Colorado Nashville tennessee
Denver Colorado Louisville kentucky
Denver Colorado Milwaukee wisconsin
Denver Colorado Portland oregon
Denver Colorado Tucson arizona
Denver Colorado Fresno california
Denver Colorado Sacramento california
Denver Colorado Mesa arizona
Denver Colorado Atlanta georgia
Denver Colorado Omaha nebraska
Denver Colorado Miami florida
Denver Colorado Tulsa oklahoma
Denver Colorado Oakland california
Denver Colorado Cleveland ohio
Denver Colorado Minneapolis minnesota
Denver Colorado Wichita kansas
Denver Colorado Arlington texas
Denver Colorado Bakersfield california
Denver Colorado Tampa florida
Denver Colorado Anaheim california
Denver Colorado Honolulu hawaii
Denver Colorado Pittsburgh pennsylvania
Denver Colorado Lexington kentucky
Denver Colorado Stockton california
Denver Colorado Cincinnati ohio
Denver Colorado Anchorage alaska
Denver Colorado Toledo ohio
Denver Colorado Plano milam::county
Denver Colorado Henderson patterson
Denver Colorado Orlando florida
Denver Colorado Laredo south::texas
Denver Colorado Chandler arizona
Denver Colorado Madison wisconsin
Denver Colorado Lubbock texas
Denver Colorado Garland griswold
Denver Colorado Glendale arizona
Denver Colorado Hialeah florida
Denver Colorado Reno nevada
Baltimore Maryland Nashville tennessee
Baltimore Maryland Louisville kentucky
Baltimore Maryland Milwaukee wisconsin
Baltimore Maryland Portland oregon
Baltimore Maryland Tucson arizona
Baltimore Maryland Fresno california
Baltimore Maryland Sacramento california
Baltimore Maryland Mesa arizona
Baltimore Maryland Atlanta georgia
Baltimore Maryland Omaha nebraska
Baltimore Maryland Miami florida
Baltimore Maryland Tulsa oklahoma
Baltimore Maryland Oakland california
Baltimore Maryland Cleveland ohio
Baltimore Maryland Minneapolis minnesota
Baltimore Maryland Wichita kansas
Baltimore Maryland Arlington virginia
Baltimore Maryland Bakersfield california
Baltimore Maryland Tampa florida
Baltimore Maryland Anaheim california
Baltimore Maryland Honolulu hawaii
Baltimore Maryland Pittsburgh pennsylvania
Baltimore Maryland Lexington kentucky
Baltimore Maryland Stockton california
Baltimore Maryland Cincinnati ohio
Baltimore Maryland Anchorage alaska
Baltimore Maryland Toledo ohio
Baltimore Maryland Plano collin::county
Baltimore Maryland Henderson smith
Baltimore Maryland Orlando florida
Baltimore Maryland Laredo texas
Baltimore Maryland Chandler arizona
Baltimore Maryland Madison wisconsin
Baltimore Maryland Lubbock texas
Baltimore Maryland Garland perry
Baltimore Maryland Glendale westlake::village
Baltimore Maryland Hialeah miami-dade::county
Baltimore Maryland Reno nevada
Baltimore Maryland Scottsdale arizona
Nashville Tennessee Louisville kentucky
Nashville Tennessee Milwaukee wisconsin
Nashville Tennessee Portland oregon
Nashville Tennessee Tucson arizona
Nashville Tennessee Fresno california
Nashville Tennessee Sacramento california
Nashville Tennessee Mesa arizona
Nashville Tennessee Atlanta georgia
Nashville Tennessee Omaha nebraska
Nashville Tennessee Miami florida
Nashville Tennessee Tulsa oklahoma
Nashville Tennessee Oakland alameda::county
Nashville Tennessee Cleveland ohio
Nashville Tennessee Minneapolis minnesota
Nashville Tennessee Wichita kansas
Nashville Tennessee Arlington virginia
Nashville Tennessee Bakersfield san::bernardino::county
Nashville Tennessee Tampa florida
Nashville Tennessee Anaheim california
Nashville Tennessee Honolulu hawaii
Nashville Tennessee Pittsburgh pennsylvania
Nashville Tennessee Lexington kentucky
Nashville Tennessee Stockton solano::county
Nashville Tennessee Cincinnati ohio
Nashville Tennessee Anchorage alaska
Nashville Tennessee Toledo ohio
Nashville Tennessee Plano collin::county
Nashville Tennessee Henderson patterson
Nashville Tennessee Orlando florida
Nashville Tennessee Laredo texas
Nashville Tennessee Chandler arizona
Nashville Tennessee Madison wisconsin
Nashville Tennessee Lubbock texas
Nashville Tennessee Garland oklahoma
Nashville Tennessee Glendale san::bernardino::county
Nashville Tennessee Hialeah miami-dade::county
Nashville Tennessee Reno nevada
Nashville Tennessee Scottsdale arizona
Nashville Tennessee Irving lipstadt
Louisville Kentucky Milwaukee wisconsin
Louisville Kentucky Portland oregon
Louisville Kentucky Tucson arizona
Louisville Kentucky Fresno california
Louisville Kentucky Sacramento california
Louisville Kentucky Mesa arizona
Louisville Kentucky Atlanta georgia
Louisville Kentucky Omaha nebraska
Louisville Kentucky Miami florida
Louisville Kentucky Tulsa oklahoma
Louisville Kentucky Oakland california
Louisville Kentucky Cleveland ohio
Louisville Kentucky Minneapolis minnesota
Louisville Kentucky Wichita kansas
Louisville Kentucky Arlington virginia
Louisville Kentucky Bakersfield kern::county
Louisville Kentucky Tampa florida
Louisville Kentucky Anaheim california
Louisville Kentucky Honolulu hawaii
Louisville Kentucky Pittsburgh pennsylvania
Louisville Kentucky Stockton solano::county
Louisville Kentucky Cincinnati ohio
Louisville Kentucky Anchorage alaska
Louisville Kentucky Toledo ohio
Louisville Kentucky Plano bell::county
Louisville Kentucky Henderson wilson
Louisville Kentucky Orlando florida
Louisville Kentucky Laredo texas
Louisville Kentucky Chandler stevenson
Louisville Kentucky Madison wisconsin
Louisville Kentucky Lubbock texas
Louisville Kentucky Garland parker
Louisville Kentucky Glendale california
Louisville Kentucky Hialeah miami-dade::county
Louisville Kentucky Reno nevada
Louisville Kentucky Scottsdale arizona
Louisville Kentucky Irving lipstadt
Louisville Kentucky Fremont mono::county
Milwaukee Wisconsin Portland oregon
Milwaukee Wisconsin Tucson arizona
Milwaukee Wisconsin Fresno california
Milwaukee Wisconsin Sacramento california
Milwaukee Wisconsin Mesa arizona
Milwaukee Wisconsin Atlanta georgia
Milwaukee Wisconsin Omaha nebraska
Milwaukee Wisconsin Miami florida
Milwaukee Wisconsin Tulsa oklahoma
Milwaukee Wisconsin Oakland california
Milwaukee Wisconsin Cleveland ohio
Milwaukee Wisconsin Minneapolis minnesota
Milwaukee Wisconsin Wichita kansas
Milwaukee Wisconsin Arlington virginia
Milwaukee Wisconsin Bakersfield kern::county
Milwaukee Wisconsin Tampa florida
Milwaukee Wisconsin Anaheim california
Milwaukee Wisconsin Honolulu hawaii
Milwaukee Wisconsin Pittsburgh pennsylvania
Milwaukee Wisconsin Lexington kentucky
Milwaukee Wisconsin Stockton california
Milwaukee Wisconsin Cincinnati ohio
Milwaukee Wisconsin Anchorage alaska
Milwaukee Wisconsin Toledo ohio
Milwaukee Wisconsin Plano collin::county
Milwaukee Wisconsin Henderson patterson
Milwaukee Wisconsin Orlando florida
Milwaukee Wisconsin Laredo texas
Milwaukee Wisconsin Chandler gardner
Milwaukee Wisconsin Lubbock texas
Milwaukee Wisconsin Garland texas
Milwaukee Wisconsin Glendale california
Milwaukee Wisconsin Hialeah miami-dade::county
Milwaukee Wisconsin Reno nevada
Milwaukee Wisconsin Scottsdale arizona
Milwaukee Wisconsin Irving lipstadt
Milwaukee Wisconsin Fremont wyoming
Milwaukee Wisconsin Irvine fullerton
Portland Oregon Tucson arizona
Portland Oregon Fresno california
Portland Oregon Sacramento california
Portland Oregon Mesa arizona
Portland Oregon Atlanta georgia
Portland Oregon Omaha nebraska
Portland Oregon Miami florida
Portland Oregon Tulsa oklahoma
Portland Oregon Oakland california
Portland Oregon Cleveland ohio
Portland Oregon Minneapolis minnesota
Portland Oregon Wichita kansas
Portland Oregon Arlington virginia
Portland Oregon Bakersfield california
Portland Oregon Tampa florida
Portland Oregon Anaheim california
Portland Oregon Honolulu hawaii
Portland Oregon Pittsburgh pennsylvania
Portland Oregon Lexington kentucky
Portland Oregon Stockton california
Portland Oregon Cincinnati ohio
Portland Oregon Anchorage alaska
Portland Oregon Toledo ohio
Portland Oregon Plano collin::county
Portland Oregon Henderson wilson
Portland Oregon Orlando florida
Portland Oregon Laredo texas
Portland Oregon Chandler arizona
Portland Oregon Madison wisconsin
Portland Oregon Lubbock texas
Portland Oregon Garland texas
Portland Oregon Glendale california
Portland Oregon Hialeah miami-dade::county
Portland Oregon Reno nevada
Portland Oregon Scottsdale arizona
Portland Oregon Irving texas
Portland Oregon Fremont utah
Portland Oregon Irvine california
Portland Oregon Spokane idaho
Tucson Arizona Fresno california
Tucson Arizona Sacramento california
Tucson Arizona Atlanta georgia
Tucson Arizona Omaha nebraska
Tucson Arizona Miami florida
Tucson Arizona Tulsa oklahoma
Tucson Arizona Oakland california
Tucson Arizona Cleveland ohio
Tucson Arizona Minneapolis minnesota
Tucson Arizona Wichita oklahoma
Tucson Arizona Arlington virginia
Tucson Arizona Bakersfield california
Tucson Arizona Tampa florida
Tucson Arizona Anaheim honda::center
Tucson Arizona Honolulu hawaii
Tucson Arizona Pittsburgh pennsylvania
Tucson Arizona Lexington kentucky
Tucson Arizona Stockton california
Tucson Arizona Cincinnati ohio
Tucson Arizona Anchorage alaska
Tucson Arizona Toledo ohio
Tucson Arizona Plano texas
Tucson Arizona Henderson barnett
Tucson Arizona Orlando florida
Tucson Arizona Laredo texas
Tucson Arizona Madison wisconsin
Tucson Arizona Lubbock texas
Tucson Arizona Garland greer
Tucson Arizona Hialeah miami-dade::county
Tucson Arizona Reno nevada
Tucson Arizona Irving lipstadt
Tucson Arizona Fremont utah
Tucson Arizona Irvine california
Tucson Arizona Spokane idaho
Tucson Arizona Modesto california
Fresno California Mesa arizona
Fresno California Atlanta savannah
Fresno California Omaha nebraska
Fresno California Miami florida
Fresno California Tulsa oklahoma
Fresno California Cleveland ohio
Fresno California Minneapolis minnesota
Fresno California Wichita kansas
Fresno California Arlington virginia
Fresno California Tampa florida
Fresno California Honolulu hawaii
Fresno California Pittsburgh pennsylvania
Fresno California Lexington kentucky
Fresno California Cincinnati ohio
Fresno California Anchorage alaska
Fresno California Toledo ohio
Fresno California Plano texas
Fresno California Henderson wilson
Fresno California Orlando florida
Fresno California Laredo texas
Fresno California Chandler stevenson
Fresno California Madison wisconsin
Fresno California Lubbock texas
Fresno California Garland parker
Fresno California Glendale calabasas
Fresno California Hialeah florida
Fresno California Reno nevada
Fresno California Scottsdale arizona
Fresno California Irving lipstadt
Fresno California Spokane oregon
Fresno California Shreveport louisiana
Sacramento California Mesa arizona
Sacramento California Atlanta georgia
Sacramento California Omaha nebraska
Sacramento California Miami florida
Sacramento California Tulsa oklahoma
Sacramento California Cleveland ohio
Sacramento California Minneapolis minnesota
Sacramento California Wichita kansas
Sacramento California Arlington virginia
Sacramento California Tampa florida
Sacramento California Honolulu hawaii
Sacramento California Pittsburgh pennsylvania
Sacramento California Lexington kentucky
Sacramento California Cincinnati ohio
Sacramento California Anchorage alaska
Sacramento California Toledo ohio
Sacramento California Plano texas
Sacramento California Henderson wilson
Sacramento California Orlando florida
Sacramento California Laredo texas
Sacramento California Chandler edwards
Sacramento California Madison wisconsin
Sacramento California Lubbock texas
Sacramento California Garland robbins
Sacramento California Glendale westlake::village
Sacramento California Hialeah florida
Sacramento California Reno nevada
Sacramento California Scottsdale arizona
Sacramento California Irving lipstadt
Sacramento California Spokane oregon
Sacramento California Shreveport louisiana
Sacramento California Tacoma long::beach
Mesa Arizona Atlanta georgia
Mesa Arizona Omaha nebraska
Mesa Arizona Miami florida
Mesa Arizona Tulsa oklahoma
Mesa Arizona Oakland california
Mesa Arizona Cleveland cincinnati
Mesa Arizona Minneapolis minnesota
Mesa Arizona Wichita kansas
Mesa Arizona Arlington virginia
Mesa Arizona Bakersfield california
Mesa Arizona Tampa florida
Mesa Arizona Anaheim california
Mesa Arizona Honolulu hawaii
Mesa Arizona Pittsburgh philadelphia
Mesa Arizona Lexington kentucky
Mesa Arizona Stockton california
Mesa Arizona Cincinnati ohio
Mesa Arizona Anchorage alaska
Mesa Arizona Toledo ohio
Mesa Arizona Plano texas
Mesa Arizona Henderson webb
Mesa Arizona Orlando florida
Mesa Arizona Laredo texas
Mesa Arizona Madison wisconsin
Mesa Arizona Lubbock texas
Mesa Arizona Garland texas
Mesa Arizona Hialeah florida
Mesa Arizona Reno nevada
Mesa Arizona Irving carr
Mesa Arizona Fremont oregon
Mesa Arizona Irvine california
Mesa Arizona Spokane oregon
Mesa Arizona Modesto california
Mesa Arizona Shreveport louisiana
Mesa Arizona Tacoma seattle
Mesa Arizona Oxnard california
Atlanta Georgia Omaha nebraska
Atlanta Georgia Miami florida
Atlanta Georgia Tulsa oklahoma
Atlanta Georgia Oakland california
Atlanta Georgia Cleveland ohio
Atlanta Georgia Minneapolis minnesota
Atlanta Georgia Wichita oklahoma
Atlanta Georgia Arlington virginia
Atlanta Georgia Bakersfield kern::county
Atlanta Georgia Tampa florida
Atlanta Georgia Anaheim honda::center
Atlanta Georgia Honolulu hawaii
Atlanta Georgia Pittsburgh pennsylvania
Atlanta Georgia Lexington kentucky
Atlanta Georgia Stockton yolo::county
Atlanta Georgia Cincinnati ohio
Atlanta Georgia Anchorage alaska
Atlanta Georgia Toledo ohio
Atlanta Georgia Plano milam::county
Atlanta Georgia Henderson forsyth
Atlanta Georgia Orlando florida
Atlanta Georgia Laredo texas
Atlanta Georgia Chandler gardner
Atlanta Georgia Madison wisconsin
Atlanta Georgia Lubbock texas
Atlanta Georgia Garland buchanan
Atlanta Georgia Glendale la::ca単ada::flintridge
Atlanta Georgia Hialeah florida
Atlanta Georgia Reno nevada
Atlanta Georgia Scottsdale arizona
Atlanta Georgia Irving carr
Atlanta Georgia Fremont pinedale
Atlanta Georgia Irvine tarbolton
Atlanta Georgia Spokane idaho
Atlanta Georgia Modesto fresno
Atlanta Georgia Shreveport louisiana
Atlanta Georgia Tacoma pierce::county
Atlanta Georgia Oxnard ventura::county
Atlanta Georgia Fontana cascia
Omaha Nebraska Miami florida
Omaha Nebraska Tulsa oklahoma
Omaha Nebraska Oakland washington::state
Omaha Nebraska Cleveland ohio
Omaha Nebraska Minneapolis minnesota
Omaha Nebraska Wichita kansas
Omaha Nebraska Arlington virginia
Omaha Nebraska Bakersfield fresno
Omaha Nebraska Tampa florida
Omaha Nebraska Anaheim ducks
Omaha Nebraska Honolulu hawaii
Omaha Nebraska Pittsburgh west::virginia
Omaha Nebraska Lexington kentucky
Omaha Nebraska Stockton california
Omaha Nebraska Cincinnati ohio
Omaha Nebraska Anchorage alaska
Omaha Nebraska Toledo ohio
Omaha Nebraska Plano texas
Omaha Nebraska Henderson mitchell
Omaha Nebraska Orlando florida
Omaha Nebraska Laredo texas
Omaha Nebraska Chandler gardner
Omaha Nebraska Madison wisconsin
Omaha Nebraska Lubbock texas
Omaha Nebraska Garland mcpherson
Omaha Nebraska Glendale arizona
Omaha Nebraska Hialeah miami-dade::county
Omaha Nebraska Reno nevada
Omaha Nebraska Scottsdale arizona
Omaha Nebraska Irving lipstadt
Omaha Nebraska Fremont wyoming
Omaha Nebraska Irvine usc
Omaha Nebraska Spokane idaho
Omaha Nebraska Modesto fresno
Omaha Nebraska Shreveport louisiana
Omaha Nebraska Tacoma washington::state
Omaha Nebraska Oxnard california
Omaha Nebraska Fontana giove
Omaha Nebraska Akron ohio
Miami Florida Tulsa oklahoma
Miami Florida Oakland california
Miami Florida Cleveland ohio
Miami Florida Minneapolis minnesota
Miami Florida Wichita kansas
Miami Florida Arlington virginia
Miami Florida Bakersfield california
Miami Florida Anaheim california
Miami Florida Honolulu hawaii
Miami Florida Pittsburgh pennsylvania
Miami Florida Lexington kentucky
Miami Florida Stockton california
Miami Florida Cincinnati ohio
Miami Florida Anchorage alaska
Miami Florida Toledo ohio
Miami Florida Plano milam::county
Miami Florida Henderson patterson
Miami Florida Laredo texas
Miami Florida Chandler patterson
Miami Florida Madison wisconsin
Miami Florida Lubbock texas
Miami Florida Garland texas
Miami Florida Glendale california
Miami Florida Reno nevada
Miami Florida Scottsdale arizona
Miami Florida Irving lipstadt
Miami Florida Fremont elkhorn
Miami Florida Irvine california
Miami Florida Spokane idaho
Miami Florida Modesto california
Miami Florida Shreveport louisiana
Miami Florida Tacoma port::angeles
Miami Florida Oxnard california
Miami Florida Fontana california
Miami Florida Akron ohio
Miami Florida Amarillo texas
Tulsa Oklahoma Oakland california
Tulsa Oklahoma Cleveland ohio
Tulsa Oklahoma Minneapolis minnesota
Tulsa Oklahoma Wichita kansas
Tulsa Oklahoma Arlington virginia
Tulsa Oklahoma Bakersfield california
Tulsa Oklahoma Tampa florida
Tulsa Oklahoma Anaheim california
Tulsa Oklahoma Honolulu hawaii
Tulsa Oklahoma Pittsburgh pennsylvania
Tulsa Oklahoma Lexington kentucky
Tulsa Oklahoma Stockton shasta::county
Tulsa Oklahoma Cincinnati ohio
Tulsa Oklahoma Anchorage alaska
Tulsa Oklahoma Toledo ohio
Tulsa Oklahoma Plano texas
Tulsa Oklahoma Henderson patterson
Tulsa Oklahoma Orlando florida
Tulsa Oklahoma Laredo texas
Tulsa Oklahoma Chandler arizona
Tulsa Oklahoma Madison wisconsin
Tulsa Oklahoma Lubbock texas
Tulsa Oklahoma Garland parker
Tulsa Oklahoma Glendale california
Tulsa Oklahoma Hialeah miami-dade::county
Tulsa Oklahoma Reno nevada
Tulsa Oklahoma Scottsdale arizona
Tulsa Oklahoma Irving lipstadt
Tulsa Oklahoma Fremont elkhorn
Tulsa Oklahoma Irvine scotland
Tulsa Oklahoma Spokane idaho
Tulsa Oklahoma Modesto california
Tulsa Oklahoma Shreveport louisiana
Tulsa Oklahoma Tacoma port::angeles
Tulsa Oklahoma Oxnard california
Tulsa Oklahoma Fontana campanella
Tulsa Oklahoma Akron ohio
Tulsa Oklahoma Amarillo texas
Tulsa Oklahoma Glendale california
Oakland California Cleveland ohio
Oakland California Minneapolis minnesota
Oakland California Wichita kansas
Oakland California Arlington texas
Oakland California Tampa florida
Oakland California Honolulu hawaii
Oakland California Pittsburgh pennsylvania
Oakland California Lexington kentucky
Oakland California Cincinnati ohio
Oakland California Anchorage alaska
Oakland California Toledo talavera::de::la::reina
Oakland California Plano texas
Oakland California Henderson miller
Oakland California Orlando florida
Oakland California Laredo texas
Oakland California Chandler arizona
Oakland California Madison wisconsin
Oakland California Lubbock texas
Oakland California Garland texas
Oakland California Glendale arizona
Oakland California Hialeah florida
Oakland California Reno nevada
Oakland California Scottsdale arizona
Oakland California Irving lipstadt
Oakland California Spokane idaho
Oakland California Shreveport louisiana
Oakland California Tacoma oregon
Oakland California Akron ohio
Oakland California Amarillo texas
Oakland California Tallahassee florida
Cleveland Ohio Minneapolis minnesota
Cleveland Ohio Wichita kansas
Cleveland Ohio Arlington virginia
Cleveland Ohio Bakersfield california
Cleveland Ohio Tampa florida
Cleveland Ohio Anaheim california
Cleveland Ohio Honolulu hawaii
Cleveland Ohio Pittsburgh pennsylvania
Cleveland Ohio Lexington kentucky
Cleveland Ohio Stockton california
Cleveland Ohio Anchorage alaska
Cleveland Ohio Plano medina::county
Cleveland Ohio Henderson kentucky
Cleveland Ohio Orlando florida
Cleveland Ohio Laredo texas
Cleveland Ohio Chandler arizona
Cleveland Ohio Madison wisconsin
Cleveland Ohio Lubbock texas
Cleveland Ohio Garland texas
Cleveland Ohio Glendale california
Cleveland Ohio Hialeah florida
Cleveland Ohio Reno nevada
Cleveland Ohio Scottsdale arizona
Cleveland Ohio Irving texas
Cleveland Ohio Fremont marysville
Cleveland Ohio Irvine california
Cleveland Ohio Spokane oregon
Cleveland Ohio Modesto california
Cleveland Ohio Shreveport louisiana
Cleveland Ohio Tacoma oregon
Cleveland Ohio Oxnard california
Cleveland Ohio Fontana california
Cleveland Ohio Amarillo texas
Cleveland Ohio Glendale california
Cleveland Ohio Tallahassee florida
Cleveland Ohio Huntsville mississippi
Minneapolis Minnesota Wichita kansas
Minneapolis Minnesota Arlington virginia
Minneapolis Minnesota Bakersfield kern::county
Minneapolis Minnesota Tampa florida
Minneapolis Minnesota Anaheim san::jose::sharks
Minneapolis Minnesota Honolulu hawaii
Minneapolis Minnesota Pittsburgh pennsylvania
Minneapolis Minnesota Lexington kentucky
Minneapolis Minnesota Stockton shasta::county
Minneapolis Minnesota Cincinnati ohio
Minneapolis Minnesota Anchorage alaska
Minneapolis Minnesota Toledo ohio
Minneapolis Minnesota Plano collin::county
Minneapolis Minnesota Henderson caldwell
Minneapolis Minnesota Orlando florida
Minneapolis Minnesota Laredo texas
Minneapolis Minnesota Chandler gardner
Minneapolis Minnesota Madison wisconsin
Minneapolis Minnesota Lubbock texas
Minneapolis Minnesota Garland texas
Minneapolis Minnesota Glendale arizona
Minneapolis Minnesota Hialeah miami-dade::county
Minneapolis Minnesota Reno nevada
Minneapolis Minnesota Scottsdale arizona
Minneapolis Minnesota Irving lipstadt
Minneapolis Minnesota Fremont wyoming
Minneapolis Minnesota Irvine ayrshire
Minneapolis Minnesota Spokane idaho
Minneapolis Minnesota Modesto fresno
Minneapolis Minnesota Shreveport louisiana
Minneapolis Minnesota Tacoma oregon
Minneapolis Minnesota Oxnard ventura::county
Minneapolis Minnesota Fontana pantano
Minneapolis Minnesota Akron ohio
Minneapolis Minnesota Amarillo texas
Minneapolis Minnesota Glendale arizona
Minneapolis Minnesota Tallahassee florida
Minneapolis Minnesota Huntsville alabama
Minneapolis Minnesota Worcester shrewsbury
Wichita Kansas Arlington virginia
Wichita Kansas Bakersfield kern::county
Wichita Kansas Tampa florida
Wichita Kansas Anaheim california
Wichita Kansas Honolulu hawaii
Wichita Kansas Pittsburgh pennsylvania
Wichita Kansas Lexington kentucky
Wichita Kansas Stockton california
Wichita Kansas Cincinnati ohio
Wichita Kansas Anchorage alaska
Wichita Kansas Toledo ohio
Wichita Kansas Plano dallas::county
Wichita Kansas Henderson patterson
Wichita Kansas Orlando florida
Wichita Kansas Laredo texas
Wichita Kansas Chandler webb
Wichita Kansas Madison wisconsin
Wichita Kansas Lubbock texas
Wichita Kansas Garland parker
Wichita Kansas Glendale la::ca単ada::flintridge
Wichita Kansas Hialeah miami-dade::county
Wichita Kansas Reno nevada
Wichita Kansas Scottsdale arizona
Wichita Kansas Irving lipstadt
Wichita Kansas Fremont jackson::county
Wichita Kansas Irvine california
Wichita Kansas Spokane idaho
Wichita Kansas Modesto california
Wichita Kansas Shreveport louisiana
Wichita Kansas Tacoma oregon
Wichita Kansas Oxnard california
Wichita Kansas Fontana ambrogio
Wichita Kansas Akron ohio
Wichita Kansas Amarillo texas
Wichita Kansas Glendale la::ca単ada::flintridge
Wichita Kansas Tallahassee florida
Wichita Kansas Huntsville alabama
Wichita Kansas Worcester shrewsbury
Wichita Kansas Chicago illinois
Arlington Texas Bakersfield fresno
Arlington Texas Tampa florida
Arlington Texas Anaheim california
Arlington Texas Honolulu hawaii
Arlington Texas Pittsburgh oklahoma
Arlington Texas Lexington kentucky
Arlington Texas Stockton san::diego::county
Arlington Texas Cincinnati ohio
Arlington Texas Anchorage alaska
Arlington Texas Toledo zaragoza
Arlington Texas Henderson mitchell
Arlington Texas Orlando florida
Arlington Texas Chandler arizona
Arlington Texas Madison wisconsin
Arlington Texas Glendale arizona
Arlington Texas Hialeah florida
Arlington Texas Reno nevada
Arlington Texas Scottsdale arizona
Arlington Texas Fremont new::mexico
Arlington Texas Irvine california
Arlington Texas Spokane tulsa
Arlington Texas Modesto fresno
Arlington Texas Shreveport louisiana
Arlington Texas Tacoma colorado
Arlington Texas Oxnard california
Arlington Texas Fontana new::mexico
Arlington Texas Akron ohio
Arlington Texas Glendale arizona
Arlington Texas Tallahassee florida
Arlington Texas Huntsville alabama
Arlington Texas Worcester alabama
Arlington Texas Chicago illinois
Bakersfield California Tampa florida
Bakersfield California Honolulu hawaii
Bakersfield California Pittsburgh pennsylvania
Bakersfield California Lexington virginia
Bakersfield California Cincinnati ohio
Bakersfield California Anchorage alaska
Bakersfield California Toledo ohio
Bakersfield California Plano texas
Bakersfield California Henderson barnett
Bakersfield California Orlando florida
Bakersfield California Laredo texas
Bakersfield California Chandler stevenson
Bakersfield California Madison wisconsin
Bakersfield California Lubbock texas
Bakersfield California Garland allen
Bakersfield California Glendale santa::monica
Bakersfield California Hialeah florida
Bakersfield California Reno nevada
Bakersfield California Scottsdale arizona
Bakersfield California Irving lipstadt
Bakersfield California Spokane oregon
Bakersfield California Shreveport louisiana
Bakersfield California Tacoma seattle
Bakersfield California Akron ohio
Bakersfield California Amarillo texas
Bakersfield California Tallahassee florida
Bakersfield California Huntsville florida
Bakersfield California Worcester massachusetts
Bakersfield California Chicago san::francisco
Bakersfield California Houston texas
Bakersfield California Philadelphia new::jersey
Tampa Florida Anaheim california
Tampa Florida Honolulu hawaii
Tampa Florida Pittsburgh pennsylvania
Tampa Florida Lexington kentucky
Tampa Florida Stockton california
Tampa Florida Cincinnati ohio
Tampa Florida Anchorage alaska
Tampa Florida Toledo palencia
Tampa Florida Plano texas
Tampa Florida Henderson smith
Tampa Florida Laredo texas
Tampa Florida Chandler parker
Tampa Florida Madison wisconsin
Tampa Florida Lubbock texas
Tampa Florida Garland parker
Tampa Florida Glendale california
Tampa Florida Reno nevada
Tampa Florida Scottsdale arizona
Tampa Florida Irving lipstadt
Tampa Florida Fremont california
Tampa Florida Irvine scotland
Tampa Florida Spokane idaho
Tampa Florida Modesto california
Tampa Florida Shreveport louisiana
Tampa Florida Tacoma oregon
Tampa Florida Oxnard california
Tampa Florida Fontana croce
Tampa Florida Akron ohio
Tampa Florida Amarillo texas
Tampa Florida Glendale california
Tampa Florida Huntsville alabama
Tampa Florida Worcester northampton
Tampa Florida Chicago illinois
Tampa Florida Houston texas
Tampa Florida Philadelphia pennsylvania
Tampa Florida Phoenix arizona
Anaheim California Honolulu hawaii
Anaheim California Pittsburgh pennsylvania
Anaheim California Lexington kentucky
Anaheim California Cincinnati ohio
Anaheim California Anchorage alaska
Anaheim California Toledo ohio
Anaheim California Plano texas
Anaheim California Henderson patterson
Anaheim California Orlando florida
Anaheim California Laredo texas
Anaheim California Chandler arizona
Anaheim California Madison wisconsin
Anaheim California Lubbock texas
Anaheim California Garland dunlap
Anaheim California Glendale la::crescenta
Anaheim California Hialeah florida
Anaheim California Reno nevada
Anaheim California Scottsdale arizona
Anaheim California Irving texas
Anaheim California Spokane oregon
Anaheim California Shreveport louisiana
Anaheim California Tacoma port::angeles
Anaheim California Akron ohio
Anaheim California Amarillo texas
Anaheim California Tallahassee florida
Anaheim California Huntsville texas
Anaheim California Worcester massachusetts
Anaheim California Chicago illinois
Anaheim California Houston texas
Anaheim California Philadelphia pennsylvania
Anaheim California Phoenix arizona
Anaheim California Dallas texas
Honolulu Hawaii Pittsburgh pennsylvania
Honolulu Hawaii Lexington kentucky
Honolulu Hawaii Stockton california
Honolulu Hawaii Cincinnati ohio
Honolulu Hawaii Anchorage alaska
Honolulu Hawaii Toledo ohio
Honolulu Hawaii Plano texas
Honolulu Hawaii Henderson anderson
Honolulu Hawaii Orlando florida
Honolulu Hawaii Laredo south::texas
Honolulu Hawaii Chandler parker
Honolulu Hawaii Madison wisconsin
Honolulu Hawaii Lubbock texas
Honolulu Hawaii Garland parker
Honolulu Hawaii Glendale arizona
Honolulu Hawaii Hialeah florida
Honolulu Hawaii Reno nevada
Honolulu Hawaii Scottsdale arizona
Honolulu Hawaii Irving lipstadt
Honolulu Hawaii Fremont elkhorn
Honolulu Hawaii Irvine california
Honolulu Hawaii Spokane idaho
Honolulu Hawaii Modesto california
Honolulu Hawaii Shreveport louisiana
Honolulu Hawaii Tacoma pacific::northwest
Honolulu Hawaii Oxnard southern::california
Honolulu Hawaii Fontana giove
Honolulu Hawaii Akron ohio
Honolulu Hawaii Amarillo texas
Honolulu Hawaii Glendale arizona
Honolulu Hawaii Tallahassee florida
Honolulu Hawaii Huntsville alabama
Honolulu Hawaii Worcester leominster
Honolulu Hawaii Chicago illinois
Honolulu Hawaii Houston texas
Honolulu Hawaii Philadelphia pennsylvania
Honolulu Hawaii Phoenix arizona
Honolulu Hawaii Dallas texas
Honolulu Hawaii Jacksonville florida
Pittsburgh Pennsylvania Lexington kentucky
Pittsburgh Pennsylvania Stockton california
Pittsburgh Pennsylvania Cincinnati ohio
Pittsburgh Pennsylvania Anchorage alaska
Pittsburgh Pennsylvania Toledo ohio
Pittsburgh Pennsylvania Plano collin::county
Pittsburgh Pennsylvania Henderson patterson
Pittsburgh Pennsylvania Orlando florida
Pittsburgh Pennsylvania Laredo webb::county
Pittsburgh Pennsylvania Chandler patterson
Pittsburgh Pennsylvania Madison wisconsin
Pittsburgh Pennsylvania Lubbock texas
Pittsburgh Pennsylvania Garland perry
Pittsburgh Pennsylvania Glendale tulare::county
Pittsburgh Pennsylvania Hialeah miami-dade::county
Pittsburgh Pennsylvania Reno nevada
Pittsburgh Pennsylvania Scottsdale arizona
Pittsburgh Pennsylvania Irving lipstadt
Pittsburgh Pennsylvania Fremont tulare::county
Pittsburgh Pennsylvania Irvine lairg
Pittsburgh Pennsylvania Spokane idaho
Pittsburgh Pennsylvania Modesto california
Pittsburgh Pennsylvania Shreveport louisiana
Pittsburgh Pennsylvania Tacoma whatcom::county
Pittsburgh Pennsylvania Oxnard california
Pittsburgh Pennsylvania Fontana california
Pittsburgh Pennsylvania Akron ohio
Pittsburgh Pennsylvania Amarillo texas
Pittsburgh Pennsylvania Glendale tulare::county
Pittsburgh Pennsylvania Tallahassee florida
Pittsburgh Pennsylvania Huntsville wilson::county
Pittsburgh Pennsylvania Worcester northampton
Pittsburgh Pennsylvania Chicago illinois
Pittsburgh Pennsylvania Houston texas
Pittsburgh Pennsylvania Phoenix arizona
Pittsburgh Pennsylvania Dallas texas
Pittsburgh Pennsylvania Jacksonville florida
Pittsburgh Pennsylvania Indianapolis indiana
Lexington Kentucky Stockton california
Lexington Kentucky Cincinnati ohio
Lexington Kentucky Anchorage alaska
Lexington Kentucky Toledo ohio
Lexington Kentucky Plano texas
Lexington Kentucky Henderson dunn
Lexington Kentucky Orlando florida
Lexington Kentucky Laredo texas
Lexington Kentucky Chandler arizona
Lexington Kentucky Madison wisconsin
Lexington Kentucky Lubbock texas
Lexington Kentucky Garland texas
Lexington Kentucky Glendale arizona
Lexington Kentucky Hialeah miami-dade::county
Lexington Kentucky Reno nevada
Lexington Kentucky Scottsdale arizona
Lexington Kentucky Irving texas
Lexington Kentucky Fremont lake::county
Lexington Kentucky Irvine california
Lexington Kentucky Spokane idaho
Lexington Kentucky Modesto fresno
Lexington Kentucky Shreveport louisiana
Lexington Kentucky Tacoma washington::state
Lexington Kentucky Oxnard california
Lexington Kentucky Fontana mike::curb
Lexington Kentucky Akron ohio
Lexington Kentucky Amarillo texas
Lexington Kentucky Glendale arizona
Lexington Kentucky Tallahassee florida
Lexington Kentucky Huntsville alabama
Lexington Kentucky Worcester shrewsbury
Lexington Kentucky Chicago illinois
Lexington Kentucky Houston texas
Lexington Kentucky Philadelphia pittsburgh
Lexington Kentucky Phoenix arizona
Lexington Kentucky Dallas texas
Lexington Kentucky Jacksonville florida
Lexington Kentucky Indianapolis indiana
Lexington Kentucky Austin texas
Stockton California Cincinnati ohio
Stockton California Anchorage alaska
Stockton California Toledo ohio
Stockton California Plano texas
Stockton California Henderson barnett
Stockton California Orlando florida
Stockton California Laredo texas
Stockton California Chandler arizona
Stockton California Madison wisconsin
Stockton California Lubbock texas
Stockton California Garland texas
Stockton California Glendale westlake::village
Stockton California Hialeah florida
Stockton California Reno nevada
Stockton California Scottsdale arizona
Stockton California Irving texas
Stockton California Spokane oregon
Stockton California Shreveport baton::rouge
Stockton California Tacoma oregon
Stockton California Akron ohio
Stockton California Amarillo texas
Stockton California Tallahassee florida
Stockton California Huntsville texas
Stockton California Worcester massachusetts
Stockton California Chicago illinois
Stockton California Houston texas
Stockton California Philadelphia new::york::city
Stockton California Phoenix arizona
Stockton California Dallas texas
Stockton California Jacksonville florida
Stockton California Indianapolis indiana
Stockton California Austin texas
Stockton California Detroit michigan
Cincinnati Ohio Anchorage alaska
Cincinnati Ohio Plano medina::county
Cincinnati Ohio Henderson barnett
Cincinnati Ohio Orlando florida
Cincinnati Ohio Laredo south::texas
Cincinnati Ohio Chandler gardner
Cincinnati Ohio Madison wisconsin
Cincinnati Ohio Lubbock texas
Cincinnati Ohio Garland stockdale
Cincinnati Ohio Glendale california
Cincinnati Ohio Hialeah miami-dade::county
Cincinnati Ohio Reno nevada
Cincinnati Ohio Scottsdale arizona
Cincinnati Ohio Irving lipstadt
Cincinnati Ohio Fremont mono::county
Cincinnati Ohio Irvine fullerton
Cincinnati Ohio Spokane idaho
Cincinnati Ohio Modesto fresno
Cincinnati Ohio Shreveport louisiana
Cincinnati Ohio Tacoma port::angeles
Cincinnati Ohio Oxnard ventura::county
Cincinnati Ohio Fontana california
Cincinnati Ohio Amarillo texas
Cincinnati Ohio Glendale california
Cincinnati Ohio Tallahassee florida
Cincinnati Ohio Huntsville mississippi
Cincinnati Ohio Worcester northampton
Cincinnati Ohio Chicago illinois
Cincinnati Ohio Houston texas
Cincinnati Ohio Philadelphia pennsylvania
Cincinnati Ohio Phoenix arizona
Cincinnati Ohio Dallas texas
Cincinnati Ohio Jacksonville florida
Cincinnati Ohio Indianapolis indiana
Cincinnati Ohio Austin texas
Cincinnati Ohio Detroit michigan
Cincinnati Ohio Memphis tennessee
Anchorage Alaska Toledo palencia
Anchorage Alaska Plano texas
Anchorage Alaska Henderson wilson
Anchorage Alaska Orlando florida
Anchorage Alaska Laredo texas
Anchorage Alaska Chandler evans
Anchorage Alaska Madison wisconsin
Anchorage Alaska Lubbock texas
Anchorage Alaska Garland duncan
Anchorage Alaska Glendale arizona
Anchorage Alaska Hialeah florida
Anchorage Alaska Reno nevada
Anchorage Alaska Scottsdale arizona
Anchorage Alaska Irving lipstadt
Anchorage Alaska Fremont nevada
Anchorage Alaska Irvine scotland
Anchorage Alaska Spokane idaho
Anchorage Alaska Modesto california
Anchorage Alaska Shreveport louisiana
Anchorage Alaska Tacoma pacific::northwest
Anchorage Alaska Oxnard california
Anchorage Alaska Fontana agostino
Anchorage Alaska Akron ohio
Anchorage Alaska Amarillo texas
Anchorage Alaska Glendale arizona
Anchorage Alaska Tallahassee florida
Anchorage Alaska Huntsville alabama
Anchorage Alaska Worcester shrewsbury
Anchorage Alaska Chicago illinois
Anchorage Alaska Houston texas
Anchorage Alaska Philadelphia pennsylvania
Anchorage Alaska Phoenix arizona
Anchorage Alaska Dallas texas
Anchorage Alaska Jacksonville florida
Anchorage Alaska Indianapolis indiana
Anchorage Alaska Austin texas
Anchorage Alaska Detroit michigan
Anchorage Alaska Memphis tennessee
Anchorage Alaska Boston massachusetts
Toledo Ohio Plano texas
Toledo Ohio Henderson barnett
Toledo Ohio Orlando florida
Toledo Ohio Laredo texas
Toledo Ohio Chandler miller
Toledo Ohio Madison wisconsin
Toledo Ohio Lubbock texas
Toledo Ohio Garland texas
Toledo Ohio Glendale california
Toledo Ohio Hialeah florida
Toledo Ohio Reno nevada
Toledo Ohio Scottsdale arizona
Toledo Ohio Irving texas
Toledo Ohio Fremont utah
Toledo Ohio Irvine california
Toledo Ohio Spokane missoula
Toledo Ohio Modesto california
Toledo Ohio Shreveport bossier::city
Toledo Ohio Tacoma oregon
Toledo Ohio Oxnard california
Toledo Ohio Fontana california
Toledo Ohio Amarillo texas
Toledo Ohio Glendale california
Toledo Ohio Tallahassee florida
Toledo Ohio Huntsville tennessee
Toledo Ohio Worcester massachusetts
Toledo Ohio Chicago illinois
Toledo Ohio Houston texas
Toledo Ohio Philadelphia pennsylvania
Toledo Ohio Phoenix arizona
Toledo Ohio Dallas texas
Toledo Ohio Jacksonville florida
Toledo Ohio Indianapolis indiana
Toledo Ohio Austin texas
Toledo Ohio Detroit michigan
Toledo Ohio Memphis tennessee
Toledo Ohio Boston massachusetts
Toledo Ohio Seattle oregon
Plano Texas Henderson webb
Plano Texas Orlando florida
Plano Texas Chandler arizona
Plano Texas Madison wisconsin
Plano Texas Glendale arizona
Plano Texas Hialeah florida
Plano Texas Reno nevada
Plano Texas Scottsdale arizona
Plano Texas Fremont arizona
Plano Texas Irvine california
Plano Texas Spokane washington
Plano Texas Modesto fresno
Plano Texas Shreveport baton::rouge
Plano Texas Tacoma washington
Plano Texas Oxnard california
Plano Texas Fontana darnell
Plano Texas Akron ohio
Plano Texas Glendale arizona
Plano Texas Tallahassee florida
Plano Texas Huntsville alabama
Plano Texas Worcester shrewsbury
Plano Texas Chicago kansas::city
Plano Texas Philadelphia pittsburgh
Plano Texas Phoenix arizona
Plano Texas Jacksonville florida
Plano Texas Indianapolis indiana
Plano Texas Detroit michigan
Plano Texas Memphis tennessee
Plano Texas Boston massachusetts
Plano Texas Seattle washington
Plano Texas Denver colorado
Henderson Nevada Orlando florida
Henderson Nevada Laredo el::paso
Henderson Nevada Chandler arizona
Henderson Nevada Madison wisconsin
Henderson Nevada Lubbock new::mexico
Henderson Nevada Garland arizona
Henderson Nevada Glendale arizona
Henderson Nevada Hialeah riverside::county
Henderson Nevada Scottsdale arizona
Henderson Nevada Irving wyoming
Henderson Nevada Fremont carson::city
Henderson Nevada Irvine riverside::county
Henderson Nevada Spokane boise
Henderson Nevada Modesto fresno
Henderson Nevada Shreveport arizona
Henderson Nevada Tacoma oregon
Henderson Nevada Oxnard california
Henderson Nevada Fontana california
Henderson Nevada Akron arizona
Henderson Nevada Amarillo new::mexico
Henderson Nevada Glendale arizona
Henderson Nevada Tallahassee florida
Henderson Nevada Huntsville colorado
Henderson Nevada Worcester vermont
Henderson Nevada Chicago denver
Henderson Nevada Houston denver
Henderson Nevada Philadelphia pennsylvania
Henderson Nevada Phoenix arizona
Henderson Nevada Dallas arizona
Henderson Nevada Jacksonville florida
Henderson Nevada Indianapolis arizona
Henderson Nevada Austin arizona
Henderson Nevada Detroit michigan
Henderson Nevada Memphis arizona
Henderson Nevada Boston massachusetts
Henderson Nevada Seattle denver
Henderson Nevada Denver colorado
Henderson Nevada Baltimore maryland
Orlando Florida Laredo texas
Orlando Florida Chandler arizona
Orlando Florida Madison wisconsin
Orlando Florida Lubbock texas
Orlando Florida Garland texas
Orlando Florida Glendale california
Orlando Florida Reno nevada
Orlando Florida Scottsdale arizona
Orlando Florida Irving texas
Orlando Florida Fremont elkhorn
Orlando Florida Irvine california
Orlando Florida Spokane idaho
Orlando Florida Modesto california
Orlando Florida Shreveport louisiana
Orlando Florida Tacoma port::angeles
Orlando Florida Oxnard california
Orlando Florida Fontana california
Orlando Florida Akron ohio
Orlando Florida Amarillo texas
Orlando Florida Glendale california
Orlando Florida Huntsville alabama
Orlando Florida Worcester massachusetts
Orlando Florida Chicago illinois
Orlando Florida Houston texas
Orlando Florida Philadelphia pennsylvania
Orlando Florida Phoenix arizona
Orlando Florida Dallas texas
Orlando Florida Indianapolis indiana
Orlando Florida Austin texas
Orlando Florida Detroit michigan
Orlando Florida Memphis tennessee
Orlando Florida Boston massachusetts
Orlando Florida Seattle oregon
Orlando Florida Denver colorado
Orlando Florida Baltimore maryland
Orlando Florida Nashville tennessee
Laredo Texas Chandler thompson
Laredo Texas Madison wisconsin
Laredo Texas Glendale california
Laredo Texas Hialeah florida
Laredo Texas Reno nevada
Laredo Texas Scottsdale arizona
Laredo Texas Fremont utah
Laredo Texas Irvine california
Laredo Texas Spokane idaho
Laredo Texas Modesto california
Laredo Texas Shreveport louisiana
Laredo Texas Tacoma seattle
Laredo Texas Oxnard california
Laredo Texas Fontana california
Laredo Texas Akron ohio
Laredo Texas Glendale california
Laredo Texas Tallahassee florida
Laredo Texas Huntsville alabama
Laredo Texas Worcester northampton
Laredo Texas Chicago illinois
Laredo Texas Philadelphia pennsylvania
Laredo Texas Phoenix arizona
Laredo Texas Jacksonville florida
Laredo Texas Indianapolis indiana
Laredo Texas Detroit michigan
Laredo Texas Memphis tennessee
Laredo Texas Boston massachusetts
Laredo Texas Seattle washington
Laredo Texas Denver colorado
Laredo Texas Baltimore maryland
Laredo Texas Nashville tennessee
Laredo Texas Louisville kentucky
Chandler Arizona Madison wisconsin
Chandler Arizona Lubbock wichita::falls
Chandler Arizona Garland texas
Chandler Arizona Hialeah florida
Chandler Arizona Reno nevada
Chandler Arizona Irving texas
Chandler Arizona Fremont colorado
Chandler Arizona Irvine california
Chandler Arizona Spokane idaho
Chandler Arizona Modesto fresno
Chandler Arizona Shreveport baton::rouge
Chandler Arizona Tacoma port::angeles
Chandler Arizona Oxnard ventura::county
Chandler Arizona Fontana california
Chandler Arizona Akron ohio
Chandler Arizona Amarillo el::paso
Chandler Arizona Glendale tucson
Chandler Arizona Tallahassee florida
Chandler Arizona Huntsville tucson
Chandler Arizona Worcester leominster
Chandler Arizona Chicago illinois
Chandler Arizona Houston texas
Chandler Arizona Philadelphia harrisburg
Chandler Arizona Dallas texas
Chandler Arizona Jacksonville tampa
Chandler Arizona Indianapolis indiana
Chandler Arizona Austin texas
Chandler Arizona Detroit michigan
Chandler Arizona Memphis tennessee
Chandler Arizona Boston massachusetts
Chandler Arizona Seattle oregon
Chandler Arizona Denver colorado
Chandler Arizona Baltimore maryland
Chandler Arizona Nashville tennessee
Chandler Arizona Louisville kentucky
Chandler Arizona Milwaukee wisconsin
Madison Wisconsin Lubbock texas
Madison Wisconsin Garland texas
Madison Wisconsin Glendale california
Madison Wisconsin Hialeah miami-dade::county
Madison Wisconsin Reno nevada
Madison Wisconsin Scottsdale arizona
Madison Wisconsin Irving texas
Madison Wisconsin Fremont oregon
Madison Wisconsin Irvine california
Madison Wisconsin Spokane oregon
Madison Wisconsin Modesto fresno
Madison Wisconsin Shreveport lake::charles
Madison Wisconsin Tacoma oregon
Madison Wisconsin Oxnard california
Madison Wisconsin Fontana monza
Madison Wisconsin Akron ohio
Madison Wisconsin Amarillo fort::worth
Madison Wisconsin Glendale california
Madison Wisconsin Tallahassee florida
Madison Wisconsin Huntsville alabama
Madison Wisconsin Worcester taunton
Madison Wisconsin Chicago illinois
Madison Wisconsin Houston texas
Madison Wisconsin Philadelphia pennsylvania
Madison Wisconsin Phoenix arizona
Madison Wisconsin Dallas texas
Madison Wisconsin Jacksonville tampa
Madison Wisconsin Indianapolis indiana
Madison Wisconsin Austin texas
Madison Wisconsin Detroit michigan
Madison Wisconsin Memphis tennessee
Madison Wisconsin Boston massachusetts
Madison Wisconsin Seattle oregon
Madison Wisconsin Denver colorado
Madison Wisconsin Baltimore maryland
Madison Wisconsin Nashville tennessee
Madison Wisconsin Louisville kentucky
Madison Wisconsin Portland oregon
Lubbock Texas Glendale california
Lubbock Texas Hialeah florida
Lubbock Texas Reno nevada
Lubbock Texas Scottsdale arizona
Lubbock Texas Fremont california
Lubbock Texas Irvine california
Lubbock Texas Spokane oregon
Lubbock Texas Modesto california
Lubbock Texas Shreveport louisiana
Lubbock Texas Tacoma seattle
Lubbock Texas Oxnard california
Lubbock Texas Fontana california
Lubbock Texas Akron ohio
Lubbock Texas Glendale california
Lubbock Texas Tallahassee florida
Lubbock Texas Huntsville alabama
Lubbock Texas Worcester massachusetts
Lubbock Texas Chicago illinois
Lubbock Texas Philadelphia pennsylvania
Lubbock Texas Phoenix arizona
Lubbock Texas Jacksonville florida
Lubbock Texas Indianapolis indiana
Lubbock Texas Detroit michigan
Lubbock Texas Memphis tennessee
Lubbock Texas Boston massachusetts
Lubbock Texas Seattle washington
Lubbock Texas Denver colorado
Lubbock Texas Baltimore maryland
Lubbock Texas Nashville tennessee
Lubbock Texas Louisville kentucky
Lubbock Texas Milwaukee wisconsin
Lubbock Texas Portland oregon
Lubbock Texas Tucson arizona
Garland Texas Glendale arizona
Garland Texas Hialeah florida
Garland Texas Reno nevada
Garland Texas Scottsdale arizona
Garland Texas Fremont utah
Garland Texas Irvine california
Garland Texas Spokane yakima
Garland Texas Modesto fresno
Garland Texas Shreveport baton::rouge
Garland Texas Tacoma seattle
Garland Texas Oxnard southern::california
Garland Texas Fontana new::mexico
Garland Texas Akron ohio
Garland Texas Glendale arizona
Garland Texas Tallahassee florida
Garland Texas Huntsville alabama
Garland Texas Worcester massachusetts
Garland Texas Chicago illinois
Garland Texas Philadelphia pittsburgh
Garland Texas Phoenix arizona
Garland Texas Jacksonville florida
Garland Texas Indianapolis indiana
Garland Texas Detroit michigan
Garland Texas Memphis tennessee
Garland Texas Boston massachusetts
Garland Texas Seattle tacoma
Garland Texas Denver colorado
Garland Texas Baltimore maryland
Garland Texas Nashville tennessee
Garland Texas Louisville tennessee
Garland Texas Milwaukee wisconsin
Garland Texas Portland oregon
Garland Texas Tucson arizona
Garland Texas Fresno sacramento
Glendale Arizona Hialeah florida
Glendale Arizona Reno nevada
Glendale Arizona Irving texas
Glendale Arizona Fremont colorado
Glendale Arizona Irvine california
Glendale Arizona Spokane idaho
Glendale Arizona Modesto colorado
Glendale Arizona Shreveport louisiana
Glendale Arizona Tacoma oregon
Glendale Arizona Oxnard new::mexico
Glendale Arizona Fontana colorado
Glendale Arizona Akron ohio
Glendale Arizona Amarillo texas
Glendale Arizona Tallahassee florida
Glendale Arizona Huntsville alabama
Glendale Arizona Worcester shrewsbury
Glendale Arizona Chicago illinois
Glendale Arizona Houston texas
Glendale Arizona Philadelphia pittsburgh
Glendale Arizona Dallas texas
Glendale Arizona Jacksonville florida
Glendale Arizona Indianapolis indiana
Glendale Arizona Austin texas
Glendale Arizona Detroit michigan
Glendale Arizona Memphis tennessee
Glendale Arizona Boston massachusetts
Glendale Arizona Seattle oregon
Glendale Arizona Denver colorado
Glendale Arizona Baltimore maryland
Glendale Arizona Nashville tennessee
Glendale Arizona Louisville kentucky
Glendale Arizona Milwaukee wisconsin
Glendale Arizona Portland oregon
Glendale Arizona Fresno new::mexico
Glendale Arizona Sacramento nevada
Hialeah Florida Reno nevada
Hialeah Florida Scottsdale arizona
Hialeah Florida Irving texas
Hialeah Florida Fremont nebraska
Hialeah Florida Irvine fullerton
Hialeah Florida Spokane idaho
Hialeah Florida Modesto fresno
Hialeah Florida Shreveport baton::rouge
Hialeah Florida Tacoma seattle
Hialeah Florida Oxnard california
Hialeah Florida Fontana florence
Hialeah Florida Akron ohio
Hialeah Florida Amarillo texas
Hialeah Florida Glendale arizona
Hialeah Florida Huntsville alabama
Hialeah Florida Worcester gloucester
Hialeah Florida Chicago illinois
Hialeah Florida Houston texas
Hialeah Florida Philadelphia pittsburgh
Hialeah Florida Phoenix arizona
Hialeah Florida Dallas texas
Hialeah Florida Indianapolis indiana
Hialeah Florida Austin texas
Hialeah Florida Detroit michigan
Hialeah Florida Memphis tennessee
Hialeah Florida Boston massachusetts
Hialeah Florida Seattle washington
Hialeah Florida Denver colorado
Hialeah Florida Baltimore maryland
Hialeah Florida Nashville tennessee
Hialeah Florida Louisville tennessee
Hialeah Florida Milwaukee wisconsin
Hialeah Florida Portland oregon
Hialeah Florida Tucson arizona
Hialeah Florida Fresno california
Hialeah Florida Sacramento california
Hialeah Florida Mesa arizona
Reno Nevada Scottsdale arizona
Reno Nevada Irving lipstadt
Reno Nevada Fremont san::bernardino::county
Reno Nevada Irvine california
Reno Nevada Spokane idaho
Reno Nevada Modesto california
Reno Nevada Shreveport louisiana
Reno Nevada Tacoma oregon
Reno Nevada Oxnard california
Reno Nevada Fontana california
Reno Nevada Akron ohio
Reno Nevada Amarillo texas
Reno Nevada Glendale arizona
Reno Nevada Tallahassee florida
Reno Nevada Huntsville alabama
Reno Nevada Worcester shrewsbury
Reno Nevada Chicago illinois
Reno Nevada Houston texas
Reno Nevada Philadelphia pennsylvania
Reno Nevada Phoenix arizona
Reno Nevada Dallas texas
Reno Nevada Jacksonville florida
Reno Nevada Indianapolis indiana
Reno Nevada Austin texas
Reno Nevada Detroit michigan
Reno Nevada Memphis tennessee
Reno Nevada Boston massachusetts
Reno Nevada Seattle oregon
Reno Nevada Denver colorado
Reno Nevada Baltimore maryland
Reno Nevada Nashville tennessee
Reno Nevada Louisville kentucky
Reno Nevada Milwaukee wisconsin
Reno Nevada Portland oregon
Reno Nevada Tucson arizona
Reno Nevada Fresno california
Reno Nevada Sacramento california
Reno Nevada Mesa arizona
Reno Nevada Atlanta georgia
Scottsdale Arizona Irving texas
Scottsdale Arizona Fremont utah
Scottsdale Arizona Irvine california
Scottsdale Arizona Spokane idaho
Scottsdale Arizona Modesto fresno
Scottsdale Arizona Shreveport louisiana
Scottsdale Arizona Tacoma oregon
Scottsdale Arizona Oxnard california
Scottsdale Arizona Fontana new::mexico
Scottsdale Arizona Akron ohio
Scottsdale Arizona Amarillo texas
Scottsdale Arizona Glendale california
Scottsdale Arizona Tallahassee alabama
Scottsdale Arizona Huntsville alabama
Scottsdale Arizona Worcester shrewsbury
Scottsdale Arizona Chicago illinois
Scottsdale Arizona Houston texas
Scottsdale Arizona Philadelphia pennsylvania
Scottsdale Arizona Dallas texas
Scottsdale Arizona Jacksonville alabama
Scottsdale Arizona Indianapolis indiana
Scottsdale Arizona Austin texas
Scottsdale Arizona Detroit michigan
Scottsdale Arizona Memphis tennessee
Scottsdale Arizona Boston massachusetts
Scottsdale Arizona Seattle washington::state
Scottsdale Arizona Denver colorado
Scottsdale Arizona Baltimore maryland
Scottsdale Arizona Nashville tennessee
Scottsdale Arizona Louisville kentucky
Scottsdale Arizona Milwaukee wisconsin
Scottsdale Arizona Portland oregon
Scottsdale Arizona Fresno sacramento
Scottsdale Arizona Sacramento fresno
Scottsdale Arizona Atlanta alabama
Scottsdale Arizona Omaha nebraska
Irving Texas Fremont arizona
Irving Texas Irvine california
Irving Texas Spokane yakima
Irving Texas Modesto fresno
Irving Texas Shreveport baton::rouge
Irving Texas Tacoma sacramento
Irving Texas Oxnard ventura::county
Irving Texas Fontana new::mexico
Irving Texas Akron ohio
Irving Texas Glendale arizona
Irving Texas Tallahassee florida
Irving Texas Huntsville alabama
Irving Texas Worcester hereford
Irving Texas Chicago illinois
Irving Texas Philadelphia harrisburg
Irving Texas Phoenix arizona
Irving Texas Jacksonville florida
Irving Texas Indianapolis indiana
Irving Texas Detroit michigan
Irving Texas Memphis tennessee
Irving Texas Boston massachusetts
Irving Texas Seattle sacramento
Irving Texas Denver colorado
Irving Texas Baltimore maryland
Irving Texas Nashville tennessee
Irving Texas Louisville kentucky
Irving Texas Milwaukee wisconsin
Irving Texas Portland oregon
Irving Texas Tucson arizona
Irving Texas Fresno sacramento
Irving Texas Sacramento fresno
Irving Texas Mesa arizona
Irving Texas Atlanta georgia
Irving Texas Omaha nebraska
Irving Texas Miami south::florida
Fremont California Spokane southern::california
Fremont California Shreveport baton::rouge
Fremont California Tacoma seattle
Fremont California Akron fresno
Fremont California Amarillo texas
Fremont California Tallahassee florida
Fremont California Huntsville alabama
Fremont California Worcester massachusetts
Fremont California Chicago los::angeles
Fremont California Houston texas
Fremont California Philadelphia new::york::city
Fremont California Phoenix los::angeles
Fremont California Dallas houston
Fremont California Jacksonville florida
Fremont California Indianapolis indiana
Fremont California Austin texas
Fremont California Detroit los::angeles
Fremont California Memphis nashville
Fremont California Boston massachusetts
Fremont California Seattle los::angeles
Fremont California Denver los::angeles
Fremont California Baltimore maryland
Fremont California Nashville tennessee
Fremont California Louisville kentucky
Fremont California Milwaukee wisconsin
Fremont California Portland oregon
Fremont California Tucson arizona
Fremont California Mesa arizona
Fremont California Atlanta los::angeles
Fremont California Omaha los::angeles
Fremont California Miami florida
Fremont California Tulsa oklahoma
Irvine California Spokane oregon
Irvine California Shreveport louisiana
Irvine California Tacoma oregon
Irvine California Akron ohio
Irvine California Amarillo texas
Irvine California Tallahassee florida
Irvine California Huntsville alabama
Irvine California Worcester massachusetts
Irvine California Chicago illinois
Irvine California Houston texas
Irvine California Philadelphia pennsylvania
Irvine California Phoenix arizona
Irvine California Dallas texas
Irvine California Jacksonville florida
Irvine California Indianapolis indiana
Irvine California Austin texas
Irvine California Detroit michigan
Irvine California Memphis tennessee
Irvine California Boston massachusetts
Irvine California Seattle tacoma
Irvine California Denver colorado
Irvine California Baltimore maryland
Irvine California Nashville tennessee
Irvine California Louisville kentucky
Irvine California Milwaukee wisconsin
Irvine California Portland oregon
Irvine California Tucson arizona
Irvine California Mesa arizona
Irvine California Atlanta tampa
Irvine California Omaha nebraska
Irvine California Miami florida
Irvine California Tulsa oklahoma
Spokane Washington Modesto sacramento
Spokane Washington Shreveport baton::rouge
Spokane Washington Oxnard california
Spokane Washington Fontana masini
Spokane Washington Akron ohio
Spokane Washington Amarillo texas
Spokane Washington Glendale d.c.
Spokane Washington Tallahassee florida
Spokane Washington Huntsville alabama
Spokane Washington Worcester northampton
Spokane Washington Chicago d.c.
Spokane Washington Houston dallas
Spokane Washington Philadelphia d.c.
Spokane Washington Phoenix washington::d.c.
Spokane Washington Dallas houston
Spokane Washington Jacksonville florida
Spokane Washington Indianapolis d.c.
Spokane Washington Austin dallas
Spokane Washington Detroit d.c.
Spokane Washington Memphis nashville
Spokane Washington Boston d.c.
Spokane Washington Denver washington::d.c.
Spokane Washington Baltimore d.c.
Spokane Washington Nashville tennessee
Spokane Washington Louisville kentucky
Spokane Washington Milwaukee d.c.
Spokane Washington Portland d.c.
Spokane Washington Tucson d.c.
Spokane Washington Fresno sacramento
Spokane Washington Sacramento d.c.
Spokane Washington Mesa arizona
Spokane Washington Atlanta d.c.
Spokane Washington Omaha d.c.
Spokane Washington Miami d.c.
Spokane Washington Tulsa d.c.
Spokane Washington Oakland d.c.
Spokane Washington Cleveland d.c.
Modesto California Shreveport louisiana
Modesto California Tacoma seattle
Modesto California Akron ohio
Modesto California Amarillo texas
Modesto California Tallahassee florida
Modesto California Huntsville texas
Modesto California Worcester massachusetts
Modesto California Chicago illinois
Modesto California Houston texas
Modesto California Philadelphia new::jersey
Modesto California Phoenix arizona
Modesto California Dallas texas
Modesto California Jacksonville florida
Modesto California Indianapolis indiana
Modesto California Austin texas
Modesto California Detroit michigan
Modesto California Memphis tennessee
Modesto California Boston massachusetts
Modesto California Seattle san::francisco
Modesto California Denver colorado
Modesto California Baltimore maryland
Modesto California Nashville tennessee
Modesto California Louisville kentucky
Modesto California Milwaukee wisconsin
Modesto California Portland oregon
Modesto California Tucson arizona
Modesto California Mesa arizona
Modesto California Atlanta georgia
Modesto California Omaha nebraska
Modesto California Miami florida
Modesto California Tulsa oklahoma
Modesto California Cleveland ohio
Modesto California Minneapolis minnesota
Shreveport Louisiana Tacoma port::angeles
Shreveport Louisiana Oxnard california
Shreveport Louisiana Fontana croce
Shreveport Louisiana Akron ohio
Shreveport Louisiana Amarillo texas
Shreveport Louisiana Glendale california
Shreveport Louisiana Tallahassee florida
Shreveport Louisiana Huntsville alabama
Shreveport Louisiana Worcester northampton
Shreveport Louisiana Chicago illinois
Shreveport Louisiana Houston texas
Shreveport Louisiana Philadelphia pennsylvania
Shreveport Louisiana Phoenix arizona
Shreveport Louisiana Dallas texas
Shreveport Louisiana Jacksonville florida
Shreveport Louisiana Indianapolis indiana
Shreveport Louisiana Austin texas
Shreveport Louisiana Detroit michigan
Shreveport Louisiana Memphis mississippi
Shreveport Louisiana Boston massachusetts
Shreveport Louisiana Seattle san::francisco
Shreveport Louisiana Denver colorado
Shreveport Louisiana Baltimore maryland
Shreveport Louisiana Nashville tennessee
Shreveport Louisiana Louisville kentucky
Shreveport Louisiana Milwaukee wisconsin
Shreveport Louisiana Portland oregon
Shreveport Louisiana Tucson arizona
Shreveport Louisiana Fresno california
Shreveport Louisiana Sacramento california
Shreveport Louisiana Mesa arizona
Shreveport Louisiana Atlanta georgia
Shreveport Louisiana Omaha nebraska
Shreveport Louisiana Miami florida
Shreveport Louisiana Tulsa oklahoma
Shreveport Louisiana Oakland california
Shreveport Louisiana Cleveland ohio
Shreveport Louisiana Minneapolis minnesota
Shreveport Louisiana Wichita kansas
Tacoma Washington Oxnard california
Tacoma Washington Fontana leoni
Tacoma Washington Akron cincinnati
Tacoma Washington Amarillo texas
Tacoma Washington Glendale d.c.
Tacoma Washington Tallahassee florida
Tacoma Washington Huntsville washington::d.c.
Tacoma Washington Worcester northampton
Tacoma Washington Chicago d.c.
Tacoma Washington Houston dallas
Tacoma Washington Philadelphia d.c.
Tacoma Washington Phoenix arizona
Tacoma Washington Dallas houston
Tacoma Washington Jacksonville florida
Tacoma Washington Indianapolis indiana
Tacoma Washington Austin dallas
Tacoma Washington Detroit d.c.
Tacoma Washington Memphis tennessee
Tacoma Washington Boston philadelphia
Tacoma Washington Denver washington::d.c.
Tacoma Washington Baltimore d.c.
Tacoma Washington Nashville tennessee
Tacoma Washington Louisville kentucky
Tacoma Washington Milwaukee d.c.
Tacoma Washington Portland d.c.
Tacoma Washington Tucson arizona
Tacoma Washington Fresno sacramento
Tacoma Washington Sacramento d.c.
Tacoma Washington Mesa arizona
Tacoma Washington Atlanta d.c.
Tacoma Washington Omaha nebraska
Tacoma Washington Miami washington::d.c.
Tacoma Washington Tulsa oklahoma
Tacoma Washington Oakland d.c.
Tacoma Washington Cleveland cincinnati
Tacoma Washington Minneapolis d.c.
Tacoma Washington Wichita kansas
Tacoma Washington Arlington d.c.
Oxnard California Akron ohio
Oxnard California Amarillo texas
Oxnard California Tallahassee florida
Oxnard California Huntsville alabama
Oxnard California Worcester northampton
Oxnard California Chicago illinois
Oxnard California Houston texas
Oxnard California Philadelphia baltimore
Oxnard California Phoenix arizona
Oxnard California Dallas texas
Oxnard California Jacksonville florida
Oxnard California Indianapolis indiana
Oxnard California Austin texas
Oxnard California Detroit michigan
Oxnard California Memphis tennessee
Oxnard California Boston massachusetts
Oxnard California Seattle san::francisco
Oxnard California Denver colorado
Oxnard California Baltimore maryland
Oxnard California Nashville tennessee
Oxnard California Louisville kentucky
Oxnard California Milwaukee wisconsin
Oxnard California Portland oregon
Oxnard California Tucson arizona
Oxnard California Mesa arizona
Oxnard California Atlanta georgia
Oxnard California Omaha nebraska
Oxnard California Miami florida
Oxnard California Tulsa oklahoma
Oxnard California Cleveland cincinnati
Oxnard California Minneapolis minnesota
Oxnard California Wichita kansas
Oxnard California Arlington virginia
Fontana California Akron ohio
Fontana California Amarillo texas
Fontana California Tallahassee florida
Fontana California Huntsville texas
Fontana California Worcester massachusetts
Fontana California Chicago san::francisco
Fontana California Houston texas
Fontana California Philadelphia san::diego
Fontana California Phoenix arizona
Fontana California Dallas texas
Fontana California Jacksonville tampa
Fontana California Indianapolis indiana
Fontana California Austin texas
Fontana California Detroit michigan
Fontana California Memphis tennessee
Fontana California Boston massachusetts
Fontana California Seattle san::francisco
Fontana California Denver colorado
Fontana California Baltimore maryland
Fontana California Nashville tennessee
Fontana California Louisville kentucky
Fontana California Milwaukee wisconsin
Fontana California Portland oregon
Fontana California Tucson arizona
Fontana California Mesa arizona
Fontana California Atlanta los::angeles
Fontana California Omaha sacramento
Fontana California Miami florida
Fontana California Tulsa oklahoma
Fontana California Cleveland ohio
Fontana California Minneapolis minnesota
Fontana California Wichita texas
Fontana California Arlington texas
Fontana California Tampa florida
Akron Ohio Amarillo texas
Akron Ohio Glendale california
Akron Ohio Tallahassee florida
Akron Ohio Huntsville mississippi
Akron Ohio Worcester massachusetts
Akron Ohio Chicago illinois
Akron Ohio Houston texas
Akron Ohio Philadelphia pennsylvania
Akron Ohio Phoenix arizona
Akron Ohio Dallas texas
Akron Ohio Jacksonville florida
Akron Ohio Indianapolis indiana
Akron Ohio Austin texas
Akron Ohio Detroit michigan
Akron Ohio Memphis tennessee
Akron Ohio Boston massachusetts
Akron Ohio Seattle washington
Akron Ohio Denver colorado
Akron Ohio Baltimore maryland
Akron Ohio Nashville tennessee
Akron Ohio Louisville kentucky
Akron Ohio Milwaukee wisconsin
Akron Ohio Portland oregon
Akron Ohio Tucson arizona
Akron Ohio Fresno california
Akron Ohio Sacramento california
Akron Ohio Mesa new::mexico
Akron Ohio Atlanta georgia
Akron Ohio Omaha nebraska
Akron Ohio Miami florida
Akron Ohio Tulsa oklahoma
Akron Ohio Oakland california
Akron Ohio Minneapolis minnesota
Akron Ohio Wichita kansas
Akron Ohio Arlington virginia
Akron Ohio Bakersfield california
Akron Ohio Tampa florida
Akron Ohio Anaheim california
Amarillo Texas Glendale california
Amarillo Texas Tallahassee florida
Amarillo Texas Huntsville alabama
Amarillo Texas Worcester massachusetts
Amarillo Texas Chicago illinois
Amarillo Texas Philadelphia pennsylvania
Amarillo Texas Phoenix arizona
Amarillo Texas Jacksonville florida
Amarillo Texas Indianapolis indiana
Amarillo Texas Detroit michigan
Amarillo Texas Memphis tennessee
Amarillo Texas Boston massachusetts
Amarillo Texas Seattle washington
Amarillo Texas Denver colorado
Amarillo Texas Baltimore maryland
Amarillo Texas Nashville tennessee
Amarillo Texas Louisville kentucky
Amarillo Texas Milwaukee wisconsin
Amarillo Texas Portland oregon
Amarillo Texas Tucson arizona
Amarillo Texas Fresno california
Amarillo Texas Sacramento california
Amarillo Texas Mesa arizona
Amarillo Texas Atlanta georgia
Amarillo Texas Omaha nebraska
Amarillo Texas Miami florida
Amarillo Texas Tulsa oklahoma
Amarillo Texas Oakland california
Amarillo Texas Cleveland ohio
Amarillo Texas Minneapolis minnesota
Amarillo Texas Wichita kansas
Amarillo Texas Bakersfield california
Amarillo Texas Tampa florida
Amarillo Texas Anaheim california
Amarillo Texas Honolulu hawaii
Glendale California Tallahassee florida
Glendale California Huntsville alabama
Glendale California Worcester massachusetts
Glendale California Chicago san::francisco
Glendale California Houston texas
Glendale California Philadelphia boston
Glendale California Phoenix arizona
Glendale California Dallas texas
Glendale California Jacksonville florida
Glendale California Indianapolis indiana
Glendale California Austin texas
Glendale California Detroit michigan
Glendale California Memphis tennessee
Glendale California Boston massachusetts
Glendale California Seattle san::francisco
Glendale California Denver colorado
Glendale California Baltimore maryland
Glendale California Nashville tennessee
Glendale California Louisville kentucky
Glendale California Milwaukee wisconsin
Glendale California Portland oregon
Glendale California Tucson arizona
Glendale California Mesa northern::california
Glendale California Atlanta georgia
Glendale California Omaha nebraska
Glendale California Miami florida
Glendale California Tulsa oklahoma
Glendale California Cleveland ohio
Glendale California Minneapolis minnesota
Glendale California Wichita kansas
Glendale California Arlington virginia
Glendale California Tampa florida
Glendale California Honolulu hawaii
Glendale California Pittsburgh philadelphia
Tallahassee Florida Huntsville alabama
Tallahassee Florida Worcester exeter
Tallahassee Florida Chicago illinois
Tallahassee Florida Houston texas
Tallahassee Florida Philadelphia new::york
Tallahassee Florida Phoenix arizona
Tallahassee Florida Dallas texas
Tallahassee Florida Indianapolis indiana
Tallahassee Florida Austin texas
Tallahassee Florida Detroit michigan
Tallahassee Florida Memphis tennessee
Tallahassee Florida Boston massachusetts
Tallahassee Florida Seattle san::francisco
Tallahassee Florida Denver colorado
Tallahassee Florida Baltimore maryland
Tallahassee Florida Nashville tennessee
Tallahassee Florida Louisville kentucky
Tallahassee Florida Milwaukee wisconsin
Tallahassee Florida Portland oregon
Tallahassee Florida Tucson arizona
Tallahassee Florida Fresno california
Tallahassee Florida Sacramento california
Tallahassee Florida Mesa arizona
Tallahassee Florida Atlanta georgia
Tallahassee Florida Omaha nebraska
Tallahassee Florida Tulsa oklahoma
Tallahassee Florida Oakland california
Tallahassee Florida Cleveland ohio
Tallahassee Florida Minneapolis minnesota
Tallahassee Florida Wichita kansas
Tallahassee Florida Arlington virginia
Tallahassee Florida Bakersfield california
Tallahassee Florida Anaheim california
Tallahassee Florida Honolulu hawaii
Tallahassee Florida Pittsburgh pennsylvania
Tallahassee Florida Lexington kentucky
Huntsville Alabama Worcester shrewsbury
Huntsville Alabama Chicago illinois
Huntsville Alabama Houston texas
Huntsville Alabama Philadelphia pittsburgh
Huntsville Alabama Phoenix arizona
Huntsville Alabama Dallas texas
Huntsville Alabama Jacksonville florida
Huntsville Alabama Indianapolis indiana
Huntsville Alabama Austin texas
Huntsville Alabama Detroit michigan
Huntsville Alabama Memphis tennessee
Huntsville Alabama Boston massachusetts
Huntsville Alabama Seattle oregon
Huntsville Alabama Denver colorado
Huntsville Alabama Baltimore maryland
Huntsville Alabama Nashville tennessee
Huntsville Alabama Louisville kentucky
Huntsville Alabama Milwaukee wisconsin
Huntsville Alabama Portland oregon
Huntsville Alabama Tucson arizona
Huntsville Alabama Fresno california
Huntsville Alabama Sacramento california
Huntsville Alabama Mesa arizona
Huntsville Alabama Atlanta georgia
Huntsville Alabama Omaha nebraska
Huntsville Alabama Miami south::florida
Huntsville Alabama Tulsa oklahoma
Huntsville Alabama Oakland san::francisco
Huntsville Alabama Cleveland cincinnati
Huntsville Alabama Minneapolis minnesota
Huntsville Alabama Wichita oklahoma
Huntsville Alabama Arlington virginia
Huntsville Alabama Bakersfield fresno
Huntsville Alabama Tampa florida
Huntsville Alabama Anaheim ducks
Huntsville Alabama Honolulu hawaii
Huntsville Alabama Pittsburgh philadelphia
Huntsville Alabama Lexington kentucky
Huntsville Alabama Stockton california
Worcester Massachusetts Chicago illinois
Worcester Massachusetts Houston texas
Worcester Massachusetts Philadelphia new::jersey
Worcester Massachusetts Phoenix arizona
Worcester Massachusetts Dallas texas
Worcester Massachusetts Jacksonville florida
Worcester Massachusetts Indianapolis indiana
Worcester Massachusetts Austin texas
Worcester Massachusetts Detroit michigan
Worcester Massachusetts Memphis tennessee
Worcester Massachusetts Seattle washington
Worcester Massachusetts Denver colorado
Worcester Massachusetts Baltimore maryland
Worcester Massachusetts Nashville tennessee
Worcester Massachusetts Louisville kentucky
Worcester Massachusetts Milwaukee wisconsin
Worcester Massachusetts Portland oregon
Worcester Massachusetts Tucson arizona
Worcester Massachusetts Fresno california
Worcester Massachusetts Sacramento california
Worcester Massachusetts Mesa arizona
Worcester Massachusetts Atlanta georgia
Worcester Massachusetts Omaha nebraska
Worcester Massachusetts Miami florida
Worcester Massachusetts Tulsa oklahoma
Worcester Massachusetts Oakland california
Worcester Massachusetts Cleveland ohio
Worcester Massachusetts Minneapolis minnesota
Worcester Massachusetts Wichita kansas
Worcester Massachusetts Arlington virginia
Worcester Massachusetts Bakersfield california
Worcester Massachusetts Tampa florida
Worcester Massachusetts Anaheim california
Worcester Massachusetts Honolulu hawaii
Worcester Massachusetts Pittsburgh pennsylvania
Worcester Massachusetts Lexington kentucky
Worcester Massachusetts Stockton california
Worcester Massachusetts Cincinnati ohio
